"CAINC1 County and MSA personal income summary: personal income, population, per capita personal income"
"CAINC1 County and MSA personal income summary: personal income, population, per capita personal income"
County
GeoFips,GeoName,1969,1970,1971,1972,1973,1974,1975,1976,1977,1978,1979,1980,1981,1982,1983,1984,1985,1986,1987,1988,1989,1990,1991,1992,1993,1994,1995,1996,1997,1998,1999,2000,2001,2002,2003,2004,2005,2006,2007,2008,2009,2010,2011,2012,2013,2014,2015,2016,2017,2018,2019,2020,2021,2022,2023
13000,Georgia,3292,3542,3823,4203,4656,5019,5354,5881,6396,7154,7850,8604,9594,10237,11066,12305,13191,14104,14847,15948,16928,17831,18333,19347,20070,21070,22210,23437,24356,26107,27184,28760,29693,30086,30805,31982,33283,34574,35440,35272,34213,34740,36760,37250,37484,39550,41527,42742,44836,46624,48529,51463,56088,57290,59882
13001,"Appling, GA",2099,2420,2749,3427,3820,3890,4378,4667,4499,5578,5819,5916,7606,8306,8607,9962,9892,10950,10970,11168,11848,12206,13316,13917,14591,16384,16664,17333,17919,18202,18882,19644,19691,19649,20590,21308,22248,22416,23469,24403,25090,25671,27476,27853,28660,30003,31503,31677,33147,33736,35709,39102,42794,44609,48022
13003,"Atkinson, GA",1977,2127,2422,2765,3326,3555,3881,4078,3920,4795,5205,5434,6786,7828,8291,9317,9232,9910,10275,11449,12458,12891,13332,14539,14629,16419,17097,17644,17462,18217,18798,18005,18767,18623,19431,20480,21343,21034,21178,22880,22427,21744,23621,24140,25118,25940,27376,26903,29099,29276,30530,32354,35859,37962,36641
13005,"Bacon, GA",2398,2700,2921,3228,3541,4137,4158,4274,4439,5276,5539,5955,6668,6930,7345,8400,8839,9620,10285,11455,12193,12627,13641,14344,14666,15505,16358,17202,17502,18579,18912,19611,20304,19689,20478,21199,21474,21264,22112,23698,23779,24546,26556,26567,27020,28263,29157,29763,31165,31327,32384,37401,39625,40616,41682
13007,"Baker, GA",1952,2252,2820,2826,3410,4336,4367,4579,4195,5082,6206,5401,7516,7516,8067,11166,10517,10738,10880,12685,12723,13035,13911,14401,14450,16734,18192,18241,18245,18642,19163,20231,22227,23332,23312,22851,25191,24966,27754,28137,27079,30426,36246,38257,37690,33050,33586,34183,35366,37712,40568,44846,51291,49278,47906
13009,"Baldwin, GA",2157,2349,2552,2908,3313,3794,4021,4740,5185,6065,6822,7604,8637,8910,9693,10345,10871,11737,12362,13312,14473,15323,16459,17315,18104,18747,19825,20521,21088,22159,22539,23105,22340,23310,23580,23322,23844,24580,24562,25660,25947,26601,27857,27359,27731,29339,30483,30795,32413,33156,34544,37565,41945,43295,45617
13011,"Banks, GA",2199,2201,2400,2726,3328,3456,4097,4534,4698,5533,5902,6365,6965,7467,8700,9889,10279,10968,10808,12043,13712,14102,14949,16147,17169,18098,18249,19907,20041,21330,22147,22094,23550,22944,23415,24992,25411,24184,25728,27068,25852,25752,26298,29083,29800,31658,33539,34177,36775,37880,37844,39295,43100,44808,43896
13013,"Barrow, GA",2994,3127,3286,3618,4022,4278,4754,5200,5604,6112,6916,7522,8344,8937,9661,10893,11535,12471,12745,13895,14459,14537,15093,15980,16693,17462,18645,19492,20476,22063,22791,23770,23661,23116,23487,25074,26057,27033,27388,28403,27271,26697,28553,30022,30888,32607,33858,34579,36083,37119,38403,41176,45802,48229,50221
13015,"Bartow, GA",3003,3194,3432,3684,4219,4523,4836,5288,5725,6399,6893,7357,8396,8720,9461,10438,10959,11744,12290,13136,14187,15028,15143,16421,17609,18737,19816,21231,21743,23364,24606,26883,26845,27322,27991,27373,27874,28739,29759,29569,28628,28542,30446,31339,31440,33297,34721,35876,36770,38145,40218,43571,47529,49193,51396
13017,"Ben Hill, GA",2442,2730,2953,3123,3409,3820,4142,4493,4715,5656,6088,6296,7240,7622,8461,9595,10227,10785,11330,12118,13038,13752,14521,14780,15558,16795,17540,18420,18932,20127,21270,21080,21521,22583,22636,23762,24881,24628,24556,24054,23916,24910,27263,26461,27128,28056,29340,28500,28813,30322,31697,34856,39268,40383,42217
13019,"Berrien, GA",2752,2827,3072,3326,3653,4282,4200,4530,4348,5382,5968,6044,6800,7375,8011,9119,9566,10425,11263,12420,12735,13988,14510,15642,15933,17388,18198,19116,19759,20406,20795,21869,21809,22300,23633,23594,24386,24537,25905,25420,25010,25084,26480,27771,27320,28263,30038,30654,32198,32734,34285,37733,40308,41012,41787
13021,"Bibb, GA",3544,3885,4191,4464,4767,5265,5766,6231,6606,7077,7779,8652,9671,10336,11048,12079,12872,13692,14551,15715,16994,17735,18460,19489,19945,20941,22427,23907,24400,25793,26522,27748,28281,29639,29902,30162,30849,31880,32635,33438,32689,33438,34747,33985,34170,35650,36636,37056,38296,39169,39957,43268,47437,46655,48455
13023,"Bleckley, GA",2902,3136,3525,3783,4345,4543,4715,5278,5708,5951,6812,6968,8091,8714,9192,10158,10515,12282,12931,13407,14191,14567,15291,16141,16359,17490,17954,19074,20103,20911,21735,22400,23536,24866,26010,26029,26979,27516,28674,28544,28263,29062,29612,30471,31167,31772,32686,32176,33583,34238,35664,39027,43205,41754,42820
13025,"Brantley, GA",2623,2710,3084,3399,3716,4007,4416,4768,4970,5769,6088,6024,6740,7335,7790,8640,9066,9487,9491,10206,11191,11525,12109,12657,13101,13499,14550,15439,15771,16521,17121,17988,19620,20076,20012,20440,21432,22203,22300,22538,22026,21893,22517,22874,23529,24174,26000,27095,27186,28394,29125,32682,35430,36520,37617
13027,"Brooks, GA",2264,2625,2896,3105,3658,3988,3926,4123,3701,4830,4779,4699,5747,6365,6274,7348,7892,8228,9190,9721,10663,11588,12967,13490,13523,15015,16121,17119,18361,18966,19998,21123,21587,21593,23119,22964,24245,24208,26012,27830,28074,27368,30630,29806,29262,30575,31116,31327,32285,33173,34665,37618,40372,40149,40884
13029,"Bryan, GA",2439,2842,3100,3231,3608,3523,4035,4494,4895,5762,6516,7317,8090,9015,9536,10648,11457,12636,13325,13755,14628,15468,16272,17749,17974,18889,19679,20343,20999,23000,23883,25305,27412,28737,31057,32693,35188,38138,40768,42425,41417,42276,44242,43509,42914,44437,45544,46230,46383,48659,48783,51811,55957,58376,60655
13031,"Bulloch, GA",2056,2375,2689,2961,3536,3900,4222,4456,4548,5439,5933,6311,7450,7824,8112,9124,9484,9838,10483,11217,12216,12891,13385,14010,14296,15327,16164,17195,17716,18567,19106,20506,20086,20493,21445,22074,23364,23643,25287,26168,25750,26220,26533,26511,27738,28418,29752,30212,31041,32023,32764,35903,39216,39523,40939
13033,"Burke, GA",2298,2589,2932,3177,3779,3941,4298,4528,4863,5235,6739,6366,7433,8226,8492,9668,10436,10635,11047,11017,11354,12151,12953,13666,13435,14346,14669,15504,15393,15871,16659,17861,18460,19404,20712,21119,22485,23689,24784,25958,26520,27766,29378,28341,28801,30092,31592,31536,32382,32799,35552,39284,41819,42364,42661
13035,"Butts, GA",2547,2728,3049,3448,3579,3903,4203,4589,5121,5737,6459,7272,7943,8015,8753,9663,10073,10961,10923,11340,12427,13035,13614,14795,15168,16793,17806,18259,18968,19858,21079,22169,23095,23068,23805,23929,24900,25198,26240,25999,25444,25361,26452,26685,27803,28552,30236,30874,32435,33956,35365,37357,41345,41896,44514
13037,"Calhoun, GA",1940,2119,2544,2569,3401,3599,3942,4474,4606,5316,5049,5233,6850,7206,7180,9924,9835,10208,11414,12668,13094,13981,15154,16100,14902,16514,17077,17274,16458,16477,17086,17040,18464,19515,19447,19342,19816,19349,21397,22085,21296,21150,22679,23794,23061,22424,23508,24908,26170,25866,29130,31925,35624,34490,35593
13039,"Camden, GA",2579,2750,3029,3381,3618,4186,4523,4835,5349,6322,7838,9158,9680,10220,10584,11252,12043,12616,12931,13932,14491,14701,15386,16037,16738,17633,18339,18562,18784,19644,20886,22030,22009,23345,24613,25023,26352,27984,28749,29295,28970,29561,31158,31020,31041,32044,32852,34322,35589,36089,36850,39457,43723,44809,46608
13043,"Candler, GA",2417,2892,3295,3478,4326,4620,4549,4538,4764,5107,5933,5481,6823,7534,7627,8545,9350,10225,11216,12207,13555,14337,15458,16474,16384,16793,17374,18649,18218,18341,19484,19935,21059,21111,21662,22796,23293,23642,24586,25145,25009,24891,25832,25882,26491,27103,27863,28699,30863,31902,33820,36555,41100,41560,42764
13045,"Carroll, GA",2701,2866,3097,3378,3716,4070,4625,5269,5804,6416,6834,7499,8247,8615,9462,10405,10835,11475,12139,12793,13877,14474,14806,15816,16465,17058,17858,18932,19803,20856,21770,22409,23635,24503,25170,25652,26954,28366,29497,29995,29412,29272,31149,32031,32062,32984,34840,36175,37528,38899,40688,44587,49186,49914,51798
13047,"Catoosa, GA",3057,3037,3376,3727,4102,4302,4637,5144,5556,6290,6925,7347,7927,8285,8864,9671,10066,10852,11549,12353,12931,13457,13970,14741,15641,16718,17299,18551,19481,20496,21443,23021,23472,23919,24430,24710,25683,26647,27335,28168,27447,28255,29251,30043,30050,31062,32154,32568,33777,34814,36066,39048,42143,43876,45791
13049,"Charlton, GA",2092,2269,2441,2748,3174,3337,3856,4326,4959,5601,6245,7179,7665,8157,8605,8975,9367,9789,9778,10320,10912,11251,11750,11924,12149,12555,13068,13729,14166,14503,15115,15553,15863,16699,17123,18131,19113,19620,21103,21075,20871,20698,20722,21061,21768,22132,23092,23973,25426,25934,26602,28970,31040,31582,32717
13051,"Chatham, GA",3473,3685,3980,4217,4598,5102,5763,6358,6899,7749,8351,9362,10543,11203,11933,12904,13797,14712,15276,16285,17648,18493,19076,20265,20660,21607,22631,23863,24468,26396,27214,28480,28604,29381,30867,32199,33820,35744,37246,38219,37226,38432,40366,40026,39982,41062,42520,42429,44377,46066,47050,51430,56536,56676,59376
13053,"Chattahoochee, GA",4831,3585,4012,4319,4543,4928,4781,5364,7788,7114,7448,9043,9827,10162,10355,12026,13437,14669,15863,15848,14989,12249,13677,14545,15108,15075,14806,15223,16416,17465,18377,19818,18338,18258,22865,23254,27577,33982,29322,34426,31959,33889,35485,32572,27742,28199,30550,32461,34177,32568,31806,34510,38654,37760,38026
13055,"Chattooga, GA",2661,2737,2881,3347,3730,4014,4200,4783,5058,5465,6303,6748,7167,7568,8366,8855,9297,10039,10786,11299,12253,13020,13736,14674,15155,15748,16088,16650,16927,17619,18131,18702,18957,19806,19945,20915,20954,22156,22297,22928,23987,24238,24818,24781,26115,26917,27881,28024,29498,30150,31049,33790,37014,37111,38269
13057,"Cherokee, GA",3236,3051,3275,3689,4234,4415,4978,5408,5933,6771,7564,8650,9575,10393,11437,12994,14008,15031,15502,16233,16525,17195,17686,18844,20724,21835,23298,24998,25894,27964,29387,31846,31236,30464,30765,34840,36252,37570,37571,37996,36423,36946,38987,40862,41264,43201,45992,48333,49695,51271,53566,56600,62910,67315,71255
13059,"Clarke, GA",2882,3267,3579,3850,4119,4615,5045,5779,6331,6894,7349,7914,8750,9293,10240,10828,11581,12468,13098,14026,15189,16085,16365,16807,17392,17612,18750,19472,19877,21147,21602,22001,22736,23859,25139,24696,25280,25664,25860,25734,25253,25771,27104,27002,27185,28862,30044,31009,31889,33050,34864,37883,40631,42153,43899
13061,"Clay, GA",1622,1937,2366,2479,3100,3315,3221,3163,2946,3692,4187,3689,5056,5459,5888,7976,7567,7879,8349,9132,9974,10735,12516,13416,13458,15355,16618,17786,18215,18727,19566,20389,24035,26737,28684,27258,25846,23015,24483,25654,25830,26035,26517,26796,27531,26122,28252,30072,30914,32556,33465,39127,40688,38237,39127
13063,"Clayton, GA",3653,3944,4191,4653,4910,5125,5476,6049,6733,7554,8293,9379,10199,10740,11584,12672,13569,14314,15037,15617,16021,16696,16864,17377,17740,18084,18614,19260,19511,20892,21535,22294,22272,22385,22742,22921,23524,23419,24064,24064,24113,24708,25840,24222,24326,25113,25755,26116,26306,26970,28061,32051,35003,33873,34871
13065,"Clinch, GA",2127,2229,2352,2998,3103,3458,3591,3952,4287,5124,5490,5935,6514,7101,7767,8776,9312,9454,9253,9672,10197,11352,12277,13426,14586,15276,16393,16651,16780,17279,17666,17465,17092,18184,18170,18679,18862,20300,21600,22027,24565,25967,29034,29155,30144,31424,33166,34101,34763,35718,37882,41020,42287,43977,45218
13067,"Cobb, GA",4104,4009,4175,4689,5154,5557,6129,6873,7695,8806,9972,11422,12621,13409,14551,16319,17702,18899,19953,20891,21555,22622,23241,24306,25055,26334,27875,30339,31677,34770,36463,37381,39057,39037,40287,41528,42900,43661,44530,43869,41089,41992,44261,44796,45369,48034,50014,51714,55138,57448,59653,62367,67894,71749,75176
13069,"Coffee, GA",2523,2607,2913,3255,3716,3872,4191,4448,4531,5359,5685,5976,6958,7760,8356,9322,9669,10277,11042,12434,13680,14464,15287,15999,16306,17421,17906,18672,18997,20336,21096,21239,20978,21554,21930,22759,23354,23216,24082,25002,24580,24806,26104,25808,26792,28107,29236,29306,31174,31818,32698,35535,40921,39321,40334
13071,"Colquitt, GA",2629,2860,3043,3480,4053,4211,4284,4892,5185,6028,6497,6868,7815,8417,8897,9994,10545,11067,11655,12383,13425,13959,14620,15262,15444,16589,17625,18134,18553,19131,19606,20198,20305,20529,21543,22380,24083,24407,25752,26432,26534,26081,27478,27697,26834,27084,29481,29862,31966,32497,33642,37679,40854,41512,42437
13073,"Columbia, GA",3940,3745,3967,4508,4771,5264,5029,6027,6531,7691,8252,9205,10017,11139,12283,13244,14463,15295,15416,16331,17562,20381,20926,22546,22901,23727,24441,25338,26531,28157,29428,30562,30610,31092,32716,33881,35039,36868,37977,39877,39823,40621,42649,43231,43184,44985,46590,47805,48882,50485,52531,55657,58551,59114,61147
13075,"Cook, GA",2523,2723,3023,3257,3600,4167,4143,4405,4484,5296,5740,5824,6616,7056,7526,8554,8767,9519,10313,10908,11431,11904,12432,13252,13507,14607,15898,16249,16830,17343,18110,18737,19357,20141,21160,21858,22896,23530,24597,25203,25876,26365,27314,27746,27944,27868,29642,29859,30886,32293,33363,36336,39746,39357,40392
13077,"Coweta, GA",3045,3224,3457,4035,4570,4723,5003,5565,6237,6915,7712,8391,9187,9761,10854,11921,12712,13723,14386,15370,16329,16944,17254,18241,19072,19996,21151,22423,23371,24641,25878,27240,27670,27892,28768,29644,30857,32138,34504,36062,35077,33599,35868,37429,38629,40420,42160,44261,46039,48286,50329,53620,57523,59223,62396
13079,"Crawford, GA",2577,2630,2949,3296,3807,4043,4424,4854,5368,6105,6923,7710,8841,9599,10142,10601,10972,11306,11518,12180,12817,13039,13404,14188,14849,15339,16117,16386,17264,18407,19779,20904,20347,22043,23114,23630,24686,25486,27257,28898,28786,28726,29899,28473,28897,29987,31826,31998,33713,34227,34749,36813,40611,40842,40651
13081,"Crisp, GA",2328,2623,2956,3160,3706,3932,4151,4629,4903,5503,5898,6247,7164,7327,7715,8957,9549,10407,11176,12260,12949,13484,13986,14979,15655,16779,17845,18086,18529,19016,19883,20193,20280,20908,21549,21921,22699,22858,22993,23230,23108,23973,26226,26363,27154,28231,30135,31259,33387,34593,37185,41930,46242,46153,48309
13083,"Dade, GA",2406,2555,2713,3074,3332,3627,4015,4468,4954,5671,6056,6515,7225,7444,7995,8830,9343,9854,10549,11249,11454,12094,12754,13331,14207,14761,15805,16560,18124,19227,20224,21477,21883,22189,22677,22861,23868,24473,24682,25611,25114,25842,26658,27902,28553,29652,31749,31583,33366,35276,35078,37786,41069,42382,43769
13085,"Dawson, GA",2999,2663,2623,3312,4160,4161,5183,5181,5327,6105,6636,7225,7855,8184,9150,10921,11533,12877,13446,14023,14924,15070,15803,17087,18417,19911,20543,22353,23256,24552,26154,27140,28396,28771,29085,30616,31760,32510,32787,32989,31860,32218,33969,34523,35466,37262,39812,42619,43923,45817,48500,50853,57601,60181,63599
13087,"Decatur, GA",2103,2379,2606,2946,3498,3821,4149,4626,4823,5597,6087,6317,7801,7804,8611,9535,9704,10440,11182,12178,13092,13898,14671,15137,15559,16897,18027,18467,18961,19766,20612,21217,22242,22989,23809,23981,25948,26116,27439,28647,29007,29301,31097,30666,30209,29467,30553,30987,31223,32719,33824,37424,42214,43054,44657
13089,"DeKalb, GA",4282,4800,5065,5456,6048,6407,6776,7352,7988,8784,9741,10775,11971,12707,13741,15250,16512,17469,18291,19412,20363,21353,21361,22104,22721,23625,24662,26187,27010,29026,30247,32583,32373,32559,33383,34095,35164,36292,37189,37430,36441,37059,39504,39112,39345,41601,44106,45251,48699,51261,52591,56200,62228,64669,67811
13091,"Dodge, GA",2401,2771,3076,3315,3825,4015,4266,4675,4974,5409,6380,6573,7906,8379,8628,9265,9242,9481,10115,10839,11666,12273,12845,13685,13967,15206,15934,16352,16680,17608,18330,19098,19646,20481,21023,21349,22281,23093,24409,24649,24379,25059,26499,26357,26405,27121,27901,28639,30016,30689,31842,34535,37957,36395,38758
13093,"Dooly, GA",2382,2881,3448,3401,4782,4118,3677,4444,4488,5145,5547,5174,6669,7488,7298,9112,9242,9400,11048,11580,12242,12526,14183,14853,14523,16370,16504,18256,17458,17979,18732,19567,19670,19103,20068,19195,20032,19075,19117,20984,20605,19780,22517,23878,24226,24299,27595,30576,33059,33906,37944,40540,44576,45682,43325
13095,"Dougherty, GA",2756,3175,3485,3817,4299,4582,4808,5251,5694,6470,7095,7902,8630,9120,9746,10650,11220,11776,12182,13145,14305,15380,15954,16301,16937,18019,19069,20001,20508,21282,21989,22732,22996,24267,25355,25677,26038,26442,27135,27880,28390,29572,31202,30722,30527,31690,32485,33056,33691,34395,36369,40991,46311,45927,47803
13097,"Douglas, GA",3319,3349,3702,4284,4322,4538,4890,5325,5896,6617,7531,8772,9521,9980,10757,11884,12801,13639,14315,15059,15568,16344,16658,17585,18557,19618,20890,21927,22953,23835,24994,26789,26855,27248,27632,28136,28883,29402,30143,30376,29540,29134,30503,30864,30983,32020,32999,33833,34736,35959,37223,40879,43879,43755,45636
13099,"Early, GA",2094,2402,2580,2636,3408,3703,3712,4155,4431,5051,5534,5717,7129,7393,7773,9475,9537,10316,10810,11897,12768,13654,14719,15394,15545,17309,18097,18887,19452,19686,20332,21053,22634,23147,24521,24869,26122,27069,28004,29206,29093,30103,32351,33614,31888,31205,32529,33208,33353,33892,37181,40366,44303,43928,44161
13101,"Echols, GA",2262,2380,2660,2907,3540,3817,3613,3929,3938,4452,5050,5816,6725,7790,7984,8943,8975,9544,10316,10698,11979,12454,12798,13685,13768,14918,15805,15480,17005,17101,17356,18089,18056,18686,18688,18300,19399,19458,19898,20553,20682,20120,21762,23475,24470,25139,26405,25959,28432,29725,29610,33343,35156,33357,34289
13103,"Effingham, GA",2782,2926,3126,3516,3893,4339,4634,5249,5668,6586,6882,7247,8585,9180,9464,10177,10743,11554,13034,13555,14291,14820,15164,16589,17406,18216,18880,19865,20402,21615,21702,22918,23630,24224,25393,27298,29098,30104,32150,33264,32512,32819,34146,35163,35522,36839,38075,38941,40735,42040,42118,44881,48317,48805,50587
13105,"Elbert, GA",2732,2857,3095,3338,3706,4064,4485,5201,5365,5943,6775,7397,7987,8460,9097,9901,10456,10927,11414,12322,13425,13985,14528,15154,15516,16224,17334,17696,18706,19644,20349,21287,21793,22079,22539,23441,24296,24482,26152,27065,27447,27150,27835,29304,29829,31055,32094,32769,34344,35019,35134,38755,41802,43130,44067
13107,"Emanuel, GA",2114,2372,2639,2836,3268,3450,3566,3913,4303,4677,5832,5726,6598,7267,7644,8365,8878,9468,10127,10926,11902,12512,13220,13687,13899,15114,15959,16918,17399,18241,18682,19606,19842,20695,21654,22348,22759,23451,24113,24851,25332,25949,27774,27242,28047,28328,29250,29650,31610,31399,33199,37908,41399,39618,41102
13109,"Evans, GA",2333,2642,2654,2997,3682,4213,4655,4950,5016,5791,6232,6428,7397,8081,8413,9719,10306,10830,11189,12605,13626,13873,14609,15073,15674,16843,17690,18292,18310,19307,19503,20016,22276,22316,22307,23489,24429,24843,26766,26541,26828,26616,27188,28620,29039,30405,32041,32267,32837,33278,33704,36914,41080,40658,42033
13111,"Fannin, GA",2154,2245,2406,2730,3194,3584,4134,4226,4367,5046,5418,6227,6757,6994,7726,8569,9062,9548,9889,10324,11164,12206,12867,13518,14185,15281,16204,17348,17660,19218,20109,21569,22045,22169,22476,23179,24047,24963,25913,26141,25583,25813,26994,28065,28582,30595,32520,33737,36085,37707,40223,42955,47735,51143,54467
13113,"Fayette, GA",3999,4149,5049,6326,6603,7194,7560,8052,8753,9611,10559,11780,13310,13938,14892,16227,17126,17970,18804,19988,21008,22128,22521,23794,25114,26133,27990,29789,30787,33464,34686,37218,37748,38077,39526,41238,42644,44169,48400,46817,44859,45140,47775,49932,49872,52470,55008,57635,59952,63975,64926,68922,74418,73658,77577
13115,"Floyd, GA",3114,3374,3596,3988,4448,4857,5108,5630,6084,6655,7450,8196,8982,9357,10119,10972,11630,12528,13369,14282,15254,16310,17090,18180,18649,19662,20055,21106,21644,22296,23172,23865,25117,25691,26345,27718,27763,28451,29356,29852,29335,30231,31197,31551,31806,33379,34754,35520,36171,37446,38731,40857,44177,44332,46727
13117,"Forsyth, GA",3196,3027,3177,3880,4529,4552,5213,5766,6432,7477,8027,8847,10246,11249,12337,14194,15013,16239,16845,18077,18799,18861,19778,21781,24113,26579,28559,30576,31158,32293,34018,36004,38256,35946,35308,41533,42246,45651,46447,47119,45535,46543,49661,51762,52690,54993,58830,60451,61408,62654,65843,68471,74584,79986,84447
13119,"Franklin, GA",2453,2613,2724,3154,3692,3717,4330,4743,5081,5599,6126,6606,7321,7923,8603,10046,10594,11940,12025,13433,14845,15343,15597,16612,17397,18219,18964,19854,20535,21871,22335,22979,24063,23608,24178,25782,25875,24574,26751,27823,27161,27418,27551,29978,30355,32183,35114,33920,35228,35719,35336,35978,40801,44534,41656
13121,"Fulton, GA",4146,4602,4999,5505,6083,6703,7112,7742,8625,9534,10048,10964,11980,12736,13958,15723,17137,18536,19923,22232,24063,25775,26222,28163,29173,30254,32529,33981,36718,40897,42658,47487,51635,53256,53807,57010,61544,66414,67100,61568,58806,59436,63678,64627,63356,70293,74011,77381,83409,87640,93334,93399,100995,100577,106131
13123,"Gilmer, GA",2531,2647,2793,3291,3829,3944,4301,4744,4880,5745,6310,6646,7686,8035,8694,9650,10489,11697,12312,13426,14233,14864,15182,15665,16175,17151,18002,18700,18803,19938,20493,20496,21397,21514,21749,23183,24190,24181,25669,26764,25989,25997,26158,28810,29636,31610,33166,33017,34563,35713,36881,38413,42781,45922,47155
13125,"Glascock, GA",2565,2811,3097,3379,3935,4116,5086,5944,6673,7593,8512,7415,7920,8440,9403,10751,10958,11804,12507,13021,13676,13825,14826,15259,15468,18587,18594,19731,19048,19061,19486,20033,21094,21045,22208,22978,22336,22186,22755,24518,24045,25121,26668,27025,28409,29704,31144,32793,33029,33889,35356,38916,41115,39759,41959
13127,"Glynn, GA",3257,3671,4094,4453,4720,5017,5157,5884,6518,7331,8096,9053,9928,10347,10978,11948,13004,13845,14560,15673,17041,18017,18755,20074,20838,22053,23545,25300,26477,27977,28392,29866,30165,30787,32346,34970,36620,38553,38878,37432,34958,35966,37487,37625,37928,39497,41400,41833,44117,46798,47897,52623,57800,59663,62751
13129,"Gordon, GA",2959,3129,3391,3788,4390,4253,4590,5038,5296,5730,6324,6623,7463,7941,8747,9846,10432,11646,12241,13464,14254,15026,15190,16356,16911,17998,18495,19061,19639,21026,21662,22339,22853,23147,23797,25472,27215,27941,27953,27257,26260,26458,27387,28247,29785,31176,32612,32801,36082,35246,36443,38180,43088,45387,45960
13131,"Grady, GA",2394,2528,2799,3069,3595,3857,4056,4465,4238,5189,5725,5736,6512,6898,7585,8515,9229,9798,10363,10992,11911,12451,13283,13794,14151,15046,15540,16093,16746,17847,18825,19776,20803,21390,20609,22431,24214,24382,24769,26200,27167,27155,28785,28175,28167,27685,29304,29506,30560,30928,31870,35389,39414,38461,39758
13133,"Greene, GA",2083,2195,2346,2675,3015,3211,3622,4005,4327,4615,5259,6204,6681,7110,7816,8901,9369,10355,10686,11218,12177,13229,13723,14788,15426,16945,17913,19118,20154,21619,22850,23767,25258,25935,27286,27971,29770,31002,32074,34935,36779,38531,40317,42351,41847,44674,48128,50387,54393,58710,60819,64277,73024,79451,82896
13135,"Gwinnett, GA",3538,3706,4354,5273,5448,5753,6133,6801,7574,8486,9577,10769,12034,12703,13659,15219,16404,17406,18017,19262,19960,21044,21388,22562,23427,24523,25698,27077,27767,29416,30611,32255,32536,32047,32494,33300,34059,34577,34266,33990,32126,32067,33969,34341,34898,36327,37880,38520,39632,41176,42765,46112,50066,51729,54331
13137,"Habersham, GA",2463,2577,2828,3099,3564,3737,4113,4604,5025,5551,6163,6747,7482,7985,8929,10132,10744,11658,11932,13203,14388,15199,15757,16557,17174,18102,18773,19387,20385,22049,22263,22584,23520,23743,24149,25004,25401,24995,26011,27455,26558,26857,27041,27497,28966,30282,31104,31793,32824,33980,34865,36955,39366,40550,40806
13139,"Hall, GA",3119,3279,3419,3813,4187,4494,4884,5477,6064,6858,7537,8376,9225,9766,10528,12024,12887,13830,14322,15252,16202,16768,17015,17976,18800,19840,20395,21301,21643,23213,24383,25315,25825,26374,27727,29419,30800,31639,32233,31437,30628,30908,33106,33891,34576,36577,39217,40410,42772,45139,46350,49283,55114,57126,60036
13141,"Hancock, GA",1770,1890,1971,2193,2432,2770,3096,3425,3750,4468,5009,5512,6128,6712,7150,7632,8127,8755,9047,9691,10574,11178,11336,12065,12535,13083,13359,13926,13910,13496,13775,13958,14784,16437,17165,18238,19053,19674,20451,21173,22138,20909,22446,22582,23310,25020,25933,26448,27648,29368,30640,33359,35097,36195,36621
13143,"Haralson, GA",3186,3390,3556,3879,4221,4543,4788,5229,5712,6280,7174,7519,8160,8788,9490,10332,10637,11218,11562,12454,13036,13684,14371,15117,15782,16714,17593,18402,18845,19744,20774,21380,21857,22233,22601,23832,24557,25839,27117,27721,26837,27416,28805,29634,29941,31409,32954,34083,35165,36483,38049,40557,44224,45239,46887
13145,"Harris, GA",3130,3432,3769,4139,4482,4877,5215,5778,6151,6653,7266,8184,9537,10296,11061,12427,13062,13597,14240,14905,16068,16835,17672,19133,19579,20384,21717,23626,25902,28262,29409,30693,30015,30353,30748,32176,32775,33603,35592,37253,36177,36478,38802,39798,40430,41739,43564,45069,46490,48776,50076,53152,56765,57319,60495
13147,"Hart, GA",2586,2731,2826,3157,3566,3720,4009,4722,5206,5582,6516,6856,7766,8225,9023,10265,10650,11444,12150,13307,14353,14581,14895,15356,15703,16311,16882,17452,18283,19285,20222,21105,22436,22190,22619,24210,24623,24634,26792,28070,27003,28190,28607,30169,31001,32859,34312,34264,36504,38266,39089,41271,43869,46161,46368
13149,"Heard, GA",2188,2285,2403,2980,3983,5385,5425,6645,6216,6394,6235,6588,7318,7869,8338,8971,9221,9397,9770,10354,10787,11783,12223,13399,13943,15159,15924,16771,17807,18881,19003,18915,20724,20966,20952,21961,22164,22261,23297,23989,23913,24419,25544,26520,26718,28342,29263,30220,31404,32537,34228,36259,41117,41139,41968
13151,"Henry, GA",3102,3238,3666,4258,4726,5000,5317,5989,6766,7549,8384,9467,10784,11420,12280,13441,14392,15210,15943,16458,16833,17028,17655,18843,19671,20547,21884,22574,23799,24547,25898,27652,28354,27889,28133,28017,28964,30614,31950,32460,31137,30884,32342,32377,33366,34263,35851,36956,37810,39033,39757,43563,46638,47590,49576
13153,"Houston, GA",3825,4412,4722,4997,5376,5847,6218,6469,7128,7734,8278,8824,9793,10738,11598,12685,13519,14194,14508,15412,16468,17597,18001,18981,19502,19759,20979,21575,22359,23357,24475,25523,27065,28561,29872,30143,31629,32938,33823,34835,35262,35964,37142,37027,36662,37665,39104,39394,40513,41636,42824,45484,49419,48502,50250
13155,"Irwin, GA",2430,2671,3071,3287,4004,4511,4329,4264,4082,5456,5695,4993,7252,7625,8059,10564,10579,10422,10619,12137,12886,13490,14379,15389,15294,17200,17657,18367,18220,18871,19776,20140,21037,22499,22842,23001,24186,23330,25071,25204,25485,26050,29307,27490,28007,28275,30630,30216,31120,32128,34311,37260,42700,44027,45263
13157,"Jackson, GA",2590,2680,2798,3151,3671,3835,4378,4750,5177,5748,6276,6943,7763,8428,9133,10310,10684,11580,11557,12949,14314,14779,15155,15699,16942,18301,19561,20782,21789,22561,22912,23534,24872,24811,26069,27486,28784,29389,29877,29967,28726,29239,30487,32354,33269,34551,36443,39388,40975,42792,44010,46597,52143,56230,58834
13159,"Jasper, GA",2698,2903,3183,3455,3839,3918,4116,4757,5181,6124,6733,7660,8420,9871,10078,10851,11585,12381,12392,12491,13558,14208,14347,15235,15946,16993,18531,19186,20075,21281,21663,22540,24018,23170,23274,25749,26498,27618,29188,29335,28173,28174,27704,30194,30114,32263,33386,35100,38585,37018,39410,42240,46208,47025,49780
13161,"Jeff Davis, GA",2903,2839,3123,3616,3898,4316,4599,5169,4986,6030,6924,6991,8391,8637,9133,10019,10552,10980,11459,12054,13158,13754,14153,14973,15177,16259,17390,18175,18528,19500,19836,20584,20951,20841,21630,22116,22612,23370,24421,24024,23738,24487,26476,26925,27966,28785,28994,28542,28710,30233,31906,34951,37926,37649,38657
13163,"Jefferson, GA",2189,2442,2780,3090,3619,3820,3719,4168,4509,4981,6087,5918,6733,7013,7598,8472,9045,9353,10106,11190,11898,12477,13594,14392,14602,15424,15890,16618,17023,17409,18077,18881,19614,20015,20837,21838,22461,23364,24100,25733,25917,25870,27592,27866,27732,28019,29045,30426,32049,32043,33740,38530,42705,42441,45063
13165,"Jenkins, GA",2107,2336,2639,2877,3487,3716,3842,4126,4389,4685,5657,5368,6470,7489,7764,9338,9882,10474,10549,11400,11624,11751,13052,13641,13731,14700,14832,16161,16803,16594,17717,18379,18415,18615,19694,20251,22381,22674,24258,25633,24458,24971,27604,24738,25361,26039,27469,28143,28665,29193,31177,35493,37731,36612,38045
13167,"Johnson, GA",2057,2348,2623,2929,3566,3654,3815,4220,4517,5019,6094,6074,6989,7517,8103,8604,8911,9241,10278,11216,11836,11703,12329,13295,14126,15257,15688,16467,17371,17429,18064,18588,19054,18321,19278,18687,19025,19491,19088,19883,20304,20655,21540,21708,22224,23094,23681,24532,25095,25881,27497,30809,34595,32515,34237
13169,"Jones, GA",3072,3034,3088,3476,3901,4361,4690,5149,5505,6117,6994,7708,8826,9365,10044,10933,11721,12560,13439,14533,15561,16171,16602,17484,18186,19098,19647,20532,21151,21723,23082,23886,23784,23689,23800,25979,26855,27934,29124,29140,29087,29985,31198,31851,32236,33018,34877,35170,36576,37423,38422,40505,44453,44111,45119
13171,"Lamar, GA",2542,2643,2835,3187,3744,4139,4352,4883,5498,6015,6659,7459,8118,8633,9090,9629,10153,10781,10774,11403,12186,13049,13462,14099,15022,15778,16582,17926,18987,19967,20757,21499,22534,23295,23689,24250,24274,25374,26424,26327,26345,26385,27898,29236,28946,29475,30827,31552,32920,34083,35775,38036,43577,44382,45645
13173,"Lanier, GA",2822,3028,3207,3673,4034,4520,4666,4906,4783,5805,5999,6288,6999,7714,8075,8974,9232,9982,10663,11856,12623,12884,13555,14599,14113,14895,16022,16348,16676,16906,17859,18981,19730,20534,20421,20592,20743,20853,20782,20137,20028,21483,23060,23369,23357,24744,25781,26128,27698,29271,30673,33181,35842,34297,35327
13175,"Laurens, GA",2508,2810,3102,3529,3943,4205,4497,4946,5245,6210,7022,7291,8336,8949,9635,10071,10531,11067,11858,13060,14561,14634,15394,16297,16866,18010,18710,19329,19923,20872,21346,22449,23413,23894,24219,25534,26394,27816,28902,29711,29291,29688,30653,30027,30322,31116,32452,33758,34650,36081,36760,40174,43900,43178,45805
13177,"Lee, GA",2689,2783,3273,3785,4105,4411,4081,4560,4853,5940,6699,7507,8719,9095,9595,10569,10822,11300,11843,12795,13334,14097,15509,16277,17156,19228,20304,21147,21173,21631,22341,23633,24588,24757,25302,26402,28216,29172,30969,33980,34673,35285,36666,38642,38667,39684,40358,40787,42017,42712,43484,47096,51606,51788,53825
13179,"Liberty, GA",3163,3841,3981,4300,4783,5309,5182,6238,7141,7291,8140,8571,8828,9524,9829,9980,10583,11008,11073,11174,11510,11232,11995,13437,14231,14302,15275,15813,16015,16767,17557,18362,19215,20640,23843,24251,24607,26882,27066,29054,27912,30314,31258,30633,30494,30629,32398,32376,33484,35476,35185,37860,40896,40145,41343
13181,"Lincoln, GA",2756,2735,2811,3049,3276,3660,3934,4390,4686,5201,5764,6622,7173,7764,8560,9538,9933,10738,11097,11798,12955,13616,14031,14706,15576,16070,16588,16766,17294,18643,19486,19972,20405,21068,22383,23644,24526,24544,25695,26247,27545,28720,29758,31040,31078,32218,34377,35121,36587,37415,40442,44684,47721,46639,48452
13183,"Long, GA",1981,2315,2620,2813,3230,3612,3980,4279,4209,5073,5589,6025,6439,6942,7228,8032,8153,8779,9686,10051,10673,10628,12216,12015,12226,12308,12993,13179,13705,14518,15141,16215,17651,18286,19813,19473,20522,20114,21349,21015,21719,23685,26874,26741,31143,30612,30934,30284,31466,32763,33901,36265,40511,39205,40741
13185,"Lowndes, GA",3050,3400,3602,3884,4100,4482,4722,5259,5654,6512,7166,7676,8539,9249,9774,10600,11341,11690,12379,13496,14563,15032,15561,16409,16815,17439,18611,19219,19928,21048,21552,22254,23265,24538,25590,26401,27511,27853,29009,29886,29491,30426,30966,30432,31197,32399,33525,34443,35446,36823,37709,41443,44291,43835,45758
13187,"Lumpkin, GA",2637,2547,2766,3066,3873,3883,4596,4913,5232,6068,6332,6875,7651,7903,8708,10161,10707,11549,11699,12679,13944,14234,14119,14976,16153,17087,18057,18606,19408,20965,21191,22263,22371,22247,22459,24309,25249,26017,27176,27438,27157,27583,29067,29658,30958,32295,34522,35536,36497,38466,39634,41686,47607,47008,49173
13189,"McDuffie, GA",3272,3376,3677,4026,4146,4356,4527,5193,5711,6213,6907,7526,8220,8529,9025,9905,10552,11064,11551,12504,13587,14573,15417,15955,16414,17448,18233,18963,19485,21386,21769,23131,24067,24575,25863,27488,27964,28247,28302,28388,28195,28541,30270,29368,29923,30822,32277,32998,34404,35034,37320,41213,43686,43320,44291
13191,"McIntosh, GA",1738,2017,2207,2165,2395,2748,3202,3708,3976,4741,5368,6112,6566,6805,7148,7902,8536,9020,8971,9871,10835,11395,11983,12540,13312,14410,15474,16105,16035,17314,17824,18217,18136,18967,19831,20899,21360,21946,22215,22546,22582,23095,24945,26766,27310,29007,31657,33634,35539,38632,40185,44564,47686,48910,50929
13193,"Macon, GA",2049,2381,2637,2726,3289,3423,3625,3902,4016,4569,5298,6202,6106,6361,6636,8447,8916,9405,10113,11061,12010,12827,13369,14326,14606,15772,15986,17058,16895,17710,18549,18461,19363,18880,19293,19957,20608,18895,20183,21764,20843,21300,23349,25582,27393,29260,30350,29625,31954,30831,33074,36031,39911,44156,41839
13195,"Madison, GA",2482,2529,2690,2981,3374,3687,4157,4629,5119,5833,6930,6580,7499,8082,8713,9903,10428,11594,11858,12887,13992,14365,14738,15497,16210,17506,18384,20634,21680,22579,23069,23487,24537,24457,24585,26030,26253,26140,26707,27880,27551,27647,28270,30006,31398,32325,34317,34518,36200,36983,38382,39237,43669,47184,46890
13197,"Marion, GA",2411,2434,2613,2898,3516,3712,3795,4245,4066,4652,5193,5550,7013,7539,7872,8591,8631,9073,9690,10807,11109,11435,11926,13325,13243,14055,14392,16452,17100,18649,19156,19830,20080,19921,20468,21004,21870,20208,20921,22021,20873,20194,22159,23109,25288,25772,27395,28170,30034,31995,32741,35477,40048,38561,39386
13199,"Meriwether, GA",2274,2583,2771,3161,3562,3728,3920,4313,4651,5264,5870,6354,6970,7477,7802,8284,8696,9071,9606,10291,10970,11609,12237,13035,13678,14593,15781,17253,18033,19370,20525,21492,20519,20940,22018,22659,23280,23581,25111,26225,26421,27669,28937,28672,28849,30505,31263,32565,33527,34988,36793,40521,44139,44563,46981
13201,"Miller, GA",2239,2519,2954,2858,3672,4128,4364,4779,3660,5474,6123,5141,6844,7058,7666,10609,10429,10850,11210,12213,13213,13907,15475,16059,16119,18935,20142,20657,20245,20654,22030,22895,23952,25526,26581,27577,28591,28656,28756,30172,30154,30570,34101,33837,34011,33935,35783,35958,37847,41653,44597,47676,52636,52307,52904
13205,"Mitchell, GA",2418,2682,2896,3183,3544,3868,4092,4582,4447,5630,5750,5969,7061,7708,8219,9161,9505,9812,10472,11373,12408,13069,13895,14589,14629,16028,16764,17263,17705,18081,18451,18638,22163,23039,23102,22615,23754,23257,24988,26035,26100,25852,27508,28609,29077,29709,32564,32350,33793,33745,36100,40798,44957,45403,44877
13207,"Monroe, GA",2973,3168,3297,3604,3935,4161,4540,5014,5447,6257,6935,7921,9177,9711,10331,11323,11646,12633,13287,14031,14298,14802,15323,16199,17189,18159,19137,20122,21029,23309,23449,24557,25497,25259,25327,28081,29239,30001,30891,33380,33092,33598,36416,36535,37038,38995,41020,41465,42846,44480,46208,48331,53806,54718,56136
13209,"Montgomery, GA",2229,2701,3057,3527,4046,4110,4294,4558,4304,5087,6085,6214,7052,7895,8096,8854,9181,9508,10170,10905,12186,12825,13367,13774,13698,14483,15020,15883,16221,17102,17636,18574,18720,19500,20150,20559,21287,21923,23006,23952,24242,24948,25548,26343,26505,26832,29214,29882,30049,30191,31021,34898,38661,36905,37828
13211,"Morgan, GA",2564,2818,3180,3589,4053,4157,4424,4987,5489,6268,6881,7506,8392,8979,9660,10913,11351,12279,12534,13408,14785,15578,16193,17311,18146,19825,20252,21880,22453,23754,25433,26533,27726,28085,28726,30601,31792,32848,34836,35196,35401,33596,35435,37417,37593,40183,42666,43939,47257,49170,50821,53512,60541,61293,63507
13213,"Murray, GA",2745,2795,3141,3566,3947,3935,4293,4772,5144,5740,6340,6557,7173,7253,8326,9307,9907,10721,11455,12079,12564,12906,13103,14340,15223,16230,16622,17430,17771,18439,19025,20134,20461,20723,20897,21570,22141,22225,22846,23436,22484,23431,24057,24697,25535,26669,27509,28161,29336,30320,31194,33618,37345,38242,38846
13215,"Muscogee, GA",4099,4100,4292,4563,5245,5539,5861,6283,6794,7428,7854,8459,9404,10186,10849,11942,12748,13585,14276,15461,15988,17219,18030,18790,19198,19903,20785,21550,22652,24513,25466,26623,27957,29416,30847,31252,32421,33342,34578,35118,33536,34784,36621,36409,34997,36135,37996,38733,39941,40994,41394,44110,47719,49232,51442
13217,"Newton, GA",2892,3102,3254,3629,3764,4153,4347,4808,5316,6119,6883,7793,8388,8827,9689,10663,11610,12356,12692,13340,14036,14715,14844,15850,16688,17680,18714,19948,19822,21218,22385,23909,24398,24331,24542,25067,25723,26449,26927,27594,26767,26665,27961,28293,29136,29804,31197,31969,32810,33990,34981,38557,42087,42052,43952
13219,"Oconee, GA",2706,2784,3041,3364,3883,4417,4876,5523,6093,7040,7893,8383,9639,10477,11610,12828,13806,15346,15837,17215,18516,19150,19745,20548,22149,23841,25213,25713,26303,28176,28584,30461,32255,31890,32387,35471,39430,42013,45089,46386,45113,45242,46463,50256,49569,53827,57860,58465,62471,64607,66275,70139,75826,83265,87461
13221,"Oglethorpe, GA",2135,2184,2411,2807,3402,3464,3899,4280,4610,5529,6029,6219,7103,7940,8742,9511,9890,10971,11017,12312,13487,14244,14732,15463,16075,17116,17663,18868,19392,19796,21253,22425,23569,22709,23161,24552,26018,25188,27910,29019,28231,27651,28767,31672,32353,34724,35441,35643,37306,37438,38353,39678,44338,47061,47014
13223,"Paulding, GA",2735,2684,2905,3259,3664,3850,4288,4678,4958,5696,6551,7435,8188,8869,9669,10991,11926,12720,13148,13571,13704,14436,14935,16027,16700,17364,18462,19623,20036,20818,22030,24246,22624,21805,21746,24176,26204,27817,28856,30107,28923,28348,29836,30901,31286,32752,34719,36130,37463,38869,40438,43230,46912,47668,50181
13225,"Peach, GA",3277,3579,3850,3853,4573,4964,5439,5969,6372,6901,7281,8145,9440,10280,10965,11567,12123,12881,13815,14617,15854,16710,17610,18007,18637,19025,19937,20327,21304,21822,22779,22695,23070,23550,24215,25265,26339,27058,28294,28448,28341,28476,30312,30395,31275,32614,34433,35137,36827,36616,38290,41071,44926,44579,46062
13227,"Pickens, GA",2673,2834,3069,3419,3821,4128,4750,5137,5621,6191,6728,7304,8132,8707,9570,10768,11526,12616,13364,14270,14728,15789,16035,17459,18572,19797,21366,23235,23806,25583,26620,26759,28278,28622,28747,31521,32679,33830,35388,35647,34977,35634,37279,37710,38463,39680,41838,44281,45919,47018,49057,51501,58192,60575,63367
13229,"Pierce, GA",2847,2990,3225,3523,3919,4436,4523,4501,4403,5436,5456,6100,7140,7626,8461,9270,9410,9967,10793,11391,12241,12981,13654,14785,15196,16091,16775,17589,18221,19083,19844,20766,21464,21777,22893,22838,23354,24001,25351,27171,28256,28680,29516,29113,29511,30212,32126,33310,34665,35176,36817,40096,42709,41894,42832
13231,"Pike, GA",2329,2575,2811,3095,3520,3958,4433,4874,5336,6061,7084,7533,8359,8766,9500,10204,10728,11760,12462,13071,13836,14597,15113,16031,16913,17314,17906,19656,20227,21162,21524,23083,24064,23565,23880,25454,26805,27782,28749,29653,29259,28633,30785,31450,31970,33496,35043,37650,38558,40314,42223,44542,49110,50567,52786
13233,"Polk, GA",2620,2750,2913,3175,3541,3919,4303,4808,5259,6021,6645,7280,7925,8249,8815,9653,10236,10943,11486,11994,12741,13506,13580,14119,14691,15236,15750,16457,17201,17742,18648,19425,20719,21353,21987,23175,23463,24552,25811,26022,25469,25836,26577,26739,26741,28150,29458,30585,30844,32071,33342,36134,39380,40471,41831
13235,"Pulaski, GA",3118,3493,3968,4083,4853,4983,4948,5417,5479,5995,6575,6422,7917,8612,8871,10496,10623,10614,11622,12991,14149,14586,16265,17280,17575,18770,19285,21301,22113,22094,23195,23706,23895,23754,25234,24087,23830,24131,23992,24086,22286,22824,25505,26461,26805,27318,29092,30413,32656,34073,35017,37418,42601,40972,41152
13237,"Putnam, GA",2599,2767,2963,3421,3694,3985,4399,5044,5407,6344,6461,7200,8053,9009,9506,10452,11180,11946,12352,12774,14010,14965,15011,16170,17041,18036,18996,20313,21273,22362,22973,24062,25504,25599,26046,26816,28960,30693,31889,31551,30999,31246,32549,33502,34310,36299,37704,39153,41272,44139,45147,49042,53333,56375,58653
13239,"Quitman, GA",1646,1844,2319,2423,2822,3175,3384,3783,4007,4399,4835,5228,6206,6488,6800,8538,8958,9977,10294,10991,11635,12032,13173,13999,14452,15028,15278,15730,16173,16425,17819,18907,22002,23857,24986,22282,22034,21490,21665,21541,22808,23235,24153,24285,26056,26657,27769,27930,28881,31237,32584,39840,38421,38170,39745
13241,"Rabun, GA",2184,2452,2650,2687,3140,3466,3717,4013,4518,5381,5643,6140,6713,6971,7614,8683,9596,10117,10640,11373,12226,13304,13796,14797,15560,17119,18200,18871,19898,21115,21971,23458,24214,23569,24685,26994,28660,29211,30032,29990,29284,29748,30718,32162,32707,34204,36698,39107,40998,41014,42770,45603,51221,51594,54148
13243,"Randolph, GA",2205,2306,2710,2807,3429,3763,3739,3867,3934,4607,4790,5067,5892,6221,6771,8465,8826,9510,10016,10547,11453,11904,12566,13415,13443,14740,15401,16600,16974,17239,18038,18337,19475,21413,21797,21648,21956,22917,23868,25741,24772,25472,27350,28594,28982,27241,29265,29657,31559,32877,35438,40426,43582,43105,45285
13245,"Richmond, GA",3489,3583,3870,4184,4663,5165,5511,6015,6491,6936,7590,8207,9115,10386,11074,12285,13133,14139,14537,15563,16506,17438,17363,17593,18128,18662,19147,20234,20525,21725,22399,23182,23978,25436,26533,27618,28030,28722,29600,29597,29784,30491,32099,30947,30818,31935,33599,33801,35347,36368,37599,41200,43648,43788,45441
13247,"Rockdale, GA",3346,3542,4021,4661,4815,5126,5365,5874,6509,7392,8398,9849,10861,11539,12580,13810,14986,15580,16086,17096,17733,18630,18773,19564,20460,21813,22538,24310,25036,26036,27379,28205,28771,28938,29233,29289,29195,29800,30226,30059,29744,29900,31193,30426,30189,31180,32402,32909,33217,34128,35448,39171,42060,41751,43568
13249,"Schley, GA",2648,2935,3833,4399,4694,4714,4753,5140,5211,5755,6178,6397,7252,7611,8096,9711,10343,10856,11118,11840,12883,13562,14080,14876,15695,16541,17468,18926,18887,19027,20090,20410,21658,21883,22609,23314,24632,25263,26249,26458,24380,25229,25817,27155,27474,29200,31285,31141,33063,35637,36518,40072,45008,44323,45658
13251,"Screven, GA",1992,2343,2647,3124,3883,4130,4145,4194,4241,5372,6161,5863,7036,7819,8411,9398,9784,9835,10244,11261,12447,13407,14371,15160,15171,16290,16494,17120,17236,17444,18117,18458,18685,19120,20175,20579,20850,21549,22536,23235,23916,24914,27629,29101,29062,29315,30169,31115,32518,33379,34305,37682,40788,41260,42295
13253,"Seminole, GA",2529,2753,3007,3095,3713,4016,4255,4819,4217,5281,5901,5808,7517,8031,8704,9832,9957,10261,10793,11597,12290,12761,13614,14957,15325,17314,18910,18864,19387,20048,21724,22682,23930,24001,24816,23610,24854,25196,25800,27876,30082,31164,35473,39125,38632,37765,36995,36495,36992,37011,40683,45054,47235,45171,47396
13255,"Spalding, GA",2970,3258,3518,3803,4167,4587,4949,5345,5818,6490,7174,7813,8488,8955,9548,10308,10917,11557,12194,13068,13918,14618,14982,15637,16165,17092,18146,19723,20672,21863,22579,23228,23834,24321,24688,25537,25895,26511,27206,27337,27071,27897,29526,29290,29486,30426,31627,32695,33025,34078,35716,38499,43034,42870,44742
13257,"Stephens, GA",2565,2722,2930,3357,3699,4118,4408,4865,5383,6062,6539,6952,7540,7922,8749,9534,10223,11208,11823,12673,13823,14423,15036,15936,16715,17557,18545,19585,20546,21491,21786,22680,22969,22843,22841,23558,24031,25026,26260,27214,27381,28208,29378,30117,31375,33904,35711,34660,35839,35901,36180,39374,43644,45412,46093
13259,"Stewart, GA",2546,2598,2926,3311,3572,3626,3831,4274,4276,4946,5255,5555,6625,7440,7493,8587,8893,9239,9786,10565,11162,11787,12367,12906,13100,14184,15108,15951,17051,17677,19215,19745,20500,20757,20304,19862,19637,19333,19873,20094,18291,19572,21262,21083,24102,23161,23393,24064,24812,26293,27794,30903,34013,36565,36853
13261,"Sumter, GA",2658,2867,3124,3536,3959,3988,4132,4655,4799,5695,6291,6823,7774,7983,8665,9978,10456,11073,11731,12943,13420,14027,14725,15220,15877,17531,19019,19539,20005,20593,20815,20938,21430,22117,23010,24268,25056,25598,26081,26891,27054,27470,29807,29949,29976,31077,32064,32710,34494,34714,36715,40142,43601,43918,45394
13263,"Talbot, GA",1946,2042,2244,2620,2953,3142,3411,3759,3990,4559,4982,5856,6427,6885,7403,8096,8334,8720,9209,9910,10550,11259,11926,12473,13020,14270,14904,15124,15406,16353,17666,18195,20188,21106,22198,22417,22630,23111,23849,24957,25235,25751,27015,28029,29579,30520,31484,33898,35754,35686,37894,43382,47665,45894,49053
13265,"Taliaferro, GA",1966,2223,2388,2609,2981,3117,3734,4323,4678,5279,6227,6994,7449,7725,8338,9367,9430,10141,10453,10880,11991,12615,13278,13901,14462,15149,14744,14893,15296,15736,16733,16010,17768,17273,18488,18708,18899,17779,20043,22087,23339,23659,25456,26995,28491,30958,32405,30599,32643,32706,37801,38187,41489,43516,41595
13267,"Tattnall, GA",2108,2331,2501,2977,3522,3834,3982,4141,3990,4817,5482,5605,6880,7767,8045,9128,9337,10160,10333,11326,12715,13484,14453,14844,15060,16567,17425,17584,18299,18611,18665,18743,19458,19392,20755,21586,22620,22564,24780,25477,24358,23940,24260,25382,25782,27170,29241,28621,30525,30487,31247,30908,35093,36912,35381
13269,"Taylor, GA",2374,2632,3097,3284,3884,3927,4245,4562,5068,5681,6239,6702,7627,8012,8563,9302,9801,10543,10956,11742,12914,13026,13764,14790,14848,15282,15805,16732,16873,17626,18363,18950,20612,20621,21292,20921,20641,20352,21728,22245,22945,22861,25067,25096,26188,26080,27389,31165,29656,31212,33114,35148,39841,38507,42058
13271,"Telfair, GA",2378,2444,2708,2930,3501,3649,4081,4263,4376,5007,5352,5770,6855,7518,7860,8829,8982,9473,10127,11124,12212,12715,13331,13514,14612,14980,15583,16202,16844,17133,17767,17508,18237,18480,17153,16879,17317,17271,17248,17212,16950,17062,18784,19101,18785,20256,21400,22934,23916,24715,25520,27938,30518,28959,34086
13273,"Terrell, GA",2262,2384,2751,2822,3375,3743,3978,4203,4279,4514,4883,4878,6156,6500,6863,7984,8108,8785,9170,10096,10821,11877,13038,14030,14253,15840,15637,16876,17291,18042,18595,19522,21201,22726,23220,23784,25221,25675,28592,29218,30097,30361,33776,35050,35882,36061,34155,35002,35391,36456,39146,42818,47820,46980,48546
13275,"Thomas, GA",2630,2992,3267,3568,3981,4424,4413,4967,5406,6186,6701,7319,8247,8765,9270,10433,10924,11686,12090,13370,14147,15187,16253,17229,18023,19257,19734,20881,21551,22129,23446,23740,25565,26158,27742,28897,30334,31831,32940,32310,32167,33254,35583,36131,35928,36877,39623,39248,41091,43116,43701,47526,53047,54279,57135
13277,"Tift, GA",2649,2880,3140,3333,3738,4144,4286,4763,5119,6008,6447,6645,7912,8469,9108,10309,10794,11303,11700,12689,13767,14675,15344,16130,16946,18094,18980,19658,20374,21554,21625,22757,23111,23762,24715,25644,26626,27146,27623,28137,28248,29198,30673,30583,30992,32760,35700,34442,35082,36481,37630,41573,45183,46098,48399
13279,"Toombs, GA",2358,2581,2873,3306,3597,4091,4200,4692,4839,5581,6149,6460,7482,8109,8630,9554,9915,10753,11305,12071,13065,13688,14552,15148,15406,16761,17770,17835,18491,19246,20051,20789,20915,21437,22419,23493,23961,25545,26749,27626,28415,29053,30477,30646,31392,31716,32889,33324,33536,34478,35317,39597,42946,42852,44036
13281,"Towns, GA",1956,2062,2227,2648,2941,3050,3421,3688,3848,4353,4738,5138,5700,6214,6900,8275,9013,9727,10196,11101,12026,13320,13802,14782,15650,16525,17991,19157,20222,21645,22404,23408,23658,24715,24435,26147,27846,28643,29228,28343,28372,28927,30573,31401,31255,31358,33452,34655,36103,37431,39870,44299,47344,48175,51955
13283,"Treutlen, GA",1831,2075,2291,2583,3178,3372,3547,3925,3940,4734,5437,5697,6392,7053,7350,7886,8428,8855,9030,9487,10411,11028,12118,12732,12734,13429,14167,14837,14614,15128,15387,15882,16664,17054,18172,18757,20142,21389,22278,23641,23921,24755,25898,25306,26036,25931,27603,28376,30024,30203,31761,34610,38425,39341,41701
13285,"Troup, GA",2813,3009,3188,3523,3928,4373,4687,5268,5757,6229,6872,7503,8319,8917,9740,10644,11324,11995,12742,13890,15211,15751,15934,16844,17506,18313,19845,20672,21468,22606,23627,24825,25203,25788,26200,27026,27585,28318,29121,29839,29128,29974,31687,32148,31935,32980,33888,34416,34693,35618,37351,41272,44938,45331,47658
13287,"Turner, GA",2368,2615,3231,3387,4211,4342,4225,4510,4386,5222,5760,5464,7555,7751,8011,9608,9684,9853,10672,11498,11784,12558,13728,14668,14085,15549,15960,16428,16594,17410,17960,18510,19480,20817,20932,21296,23298,23540,24422,25769,25882,26789,28850,28604,28870,29405,30997,29528,30185,29934,32578,34116,38473,38501,39005
13289,"Twiggs, GA",2048,2217,2554,2750,3041,3333,3596,4114,4368,4615,5189,5903,6664,6875,7368,8021,8124,8836,9487,10211,10664,10953,11804,12776,13495,14407,15113,16272,16272,16758,17281,17937,18530,18970,19338,20640,22258,23273,24630,25492,26340,27597,29262,30820,31755,34265,34380,35789,37545,40698,39129,41274,45043,43948,45169
13291,"Union, GA",2125,2082,2192,2441,2937,3041,3381,3622,3901,4532,4714,5211,5953,6364,6997,8019,8722,9651,10441,11269,12235,12940,14193,14376,15465,16291,16877,17896,18714,19995,20875,21733,22682,23202,23814,25601,27099,27963,29143,29442,28339,29087,30032,30902,30779,31945,34465,35326,36787,37616,39198,41836,44841,45528,47853
13293,"Upson, GA",2867,3068,3351,3603,3940,4267,4569,5170,5486,5986,6611,7201,7915,8258,8936,9678,10231,10833,11329,11842,12666,13328,13962,15111,15647,16345,17188,17977,18594,19869,20564,20576,21184,21907,22673,23382,24044,24948,25860,27039,26925,27300,28924,29334,29030,30036,31142,32205,32430,33477,35274,37408,41348,42144,43541
13295,"Walker, GA",2986,3225,3419,3740,4116,4411,4674,5154,5572,6311,6806,7239,7862,8197,8849,9646,10161,10949,11756,12325,13253,13838,14354,15154,16151,16958,17591,18585,18957,19990,21157,22263,22216,22614,22975,23759,24179,24968,25686,26083,24975,26321,27113,28218,28378,29149,30393,31215,32470,33685,35091,37755,41454,42812,44195
13297,"Walton, GA",2842,3106,3269,3644,3849,4031,4237,4641,5171,5713,6571,7287,8330,8929,9896,10771,11410,12050,12546,13491,14064,14808,15282,16809,17574,18359,19513,20266,20377,21068,22107,23767,24906,24560,25145,28210,29214,30414,30701,30674,29774,30016,30958,32346,32532,33936,36025,37382,39061,40605,43050,46020,50551,52511,53871
13299,"Ware, GA",2758,3048,3272,3565,3948,4223,4491,4958,5233,5909,6390,7232,7925,8567,9270,9864,10208,10554,10675,11258,12377,13201,13948,14629,15091,16046,16694,17641,17688,19165,19337,20132,20877,21697,22254,23388,24373,24788,25567,26157,26698,27296,27910,27600,27966,29119,30476,31173,32143,32631,33225,36387,39656,39208,39743
13301,"Warren, GA",3030,3146,3143,3195,3491,4148,4234,4832,5071,5403,5889,6103,6668,7342,7997,8483,9190,9755,9947,10450,11108,11532,12146,13301,13787,14412,14977,14942,15682,16111,16800,18056,18925,19386,20175,21603,22169,22977,24458,25188,25912,26143,27164,27113,27808,29162,31139,31578,32723,34115,35521,40135,41872,41268,42403
13303,"Washington, GA",2326,2633,2924,3273,3718,4134,4243,4780,5185,5797,6739,7134,8107,8472,9031,9820,10220,10936,11913,13370,14353,14956,15557,16384,16949,18185,18290,18896,19096,19930,20612,20762,19673,20182,20824,22089,24283,24610,25458,26899,25034,25682,28589,30790,30294,31223,31655,32692,34186,34829,35152,39947,42372,41789,43518
13305,"Wayne, GA",2493,2803,3093,3592,3730,4077,4194,4652,4861,5713,6203,6857,7981,8289,8475,9537,9969,10467,10889,11561,13108,13881,14632,15254,15525,16252,17005,17774,18203,18639,19469,20416,20651,21386,22354,23391,24360,25332,26366,26836,26806,27599,28466,27495,27306,28137,29359,28522,29677,31158,32353,34891,39037,38345,39274
13307,"Webster, GA",1950,2119,2471,2845,3577,4033,4273,5220,4735,6013,6087,5381,7589,7191,7614,10054,9887,10176,11514,12094,12485,12390,13681,14444,15480,17115,17685,18827,18809,19261,20214,20510,22001,22865,23030,21588,22306,21010,20913,22108,21657,23030,27150,29254,30401,29563,30729,31983,34027,34592,37789,40094,41294,39860,43964
13309,"Wheeler, GA",2222,2451,2636,2947,3704,3788,3947,4187,4239,5181,6076,5568,6819,7388,7940,8663,8893,9351,10174,10943,11925,12103,12655,13172,13493,14101,14614,14218,14121,14628,15170,15299,14802,15475,16097,16567,15984,15379,15161,14699,14530,14936,16049,17234,17697,17443,18100,18105,18974,19004,19643,22481,23830,23466,24588
13311,"White, GA",2566,2458,2539,2956,3506,3485,4274,4597,4973,5582,6012,6565,7117,7797,8523,10807,11448,12939,12956,14309,15120,15700,16461,17313,18932,19624,19889,20757,21225,21953,22286,23080,23301,22726,22930,24483,24918,25196,26224,27461,26103,26585,27370,29033,29751,32407,34495,35350,37509,38852,40600,43656,48170,48617,50043
13313,"Whitfield, GA",3313,3422,3793,4331,4732,4829,5110,5867,6501,7136,7854,8451,9129,9596,10796,11780,12502,13520,14505,15466,16619,17277,17725,19053,20086,20892,21467,22533,23044,24560,24620,25485,28155,28485,29274,29431,28321,28416,28628,28065,26354,26763,27785,28830,30317,32644,35136,35782,36287,38535,40203,42985,46950,46258,47955
13315,"Wilcox, GA",2375,2727,3220,3397,4083,4372,4370,4679,4827,5058,5719,5427,7301,7635,7935,9268,9410,9576,10515,11089,11896,12359,13751,14567,14682,16532,17293,17732,17972,18612,19313,19202,19430,19578,19986,20176,20967,19758,20850,21578,21365,20131,23342,24222,22919,23432,24643,24785,26456,26180,28096,28723,32535,33792,32581
13317,"Wilkes, GA",2414,2662,2854,3184,3650,3960,4092,4615,5066,5648,6625,7042,7824,8330,9039,9687,9989,11118,11618,12671,13904,15004,15749,16061,17033,17954,18180,18729,19019,19951,20890,20889,21361,21108,21221,22125,23392,23400,24671,25317,26736,27883,29833,31355,32893,34942,36923,38085,40224,40797,41597,42700,48359,52431,51478
13319,"Wilkinson, GA",2615,2855,3016,3314,3707,4099,4356,4820,5338,6008,6651,7505,8704,9074,9533,10480,10797,11531,12151,13006,13912,14367,14838,15905,16168,16886,17246,17917,19142,19618,20339,20518,20972,21701,22514,22069,22328,23412,24475,25675,26035,27285,28804,29426,30399,32383,33280,33522,34068,35194,36043,39585,43144,42270,43443
13321,"Worth, GA",2374,2608,2842,3129,3827,3836,3933,4285,4258,5242,5834,5969,7562,7652,7994,9556,9878,10098,10637,11592,12158,12957,14572,15414,15448,17485,17912,19192,19807,20453,20137,20939,21217,21877,22610,23796,25120,25299,26282,26964,26999,27008,30250,29820,28709,28397,30007,30749,31959,33104,34993,38123,41743,41713,42753

Legend/Footnotes
2. Per capita personal income is total personal income divided by total midyear population.
"  Metropolitan Areas are defined (geographically delineated) by the Office of Management and Budget (OMB) bulletin no. 20-01 issued March 6, 2020."
Note. All dollar estimates are in thousands of current dollars (not adjusted for inflation). Statistics presented in thousands of dollars do not indicate more precision than statistics presented in millions of dollars.
"  Last updated: February 20, 2025-- revised statistics for 2010-2019."
